  2972	David Woodhouse <dwmw2@infradead.org>
   693	Daniel Lenski <dlenski@gmail.com>
   273	Kevin Cernekee <cernekee@gmail.com>
   193	Dimitri Papadopoulos <3350651-DimitriPapadopoulos@users.noreply.gitlab.com>
   135	Nikos Mavrogiannopoulos <n.mavrogiannopoulos@gmail.com>
    28	Luca Boccassi <bluca@debian.org>
    24	Jussi Kukkonen <jku@linux.intel.com>
    22	Tom Carroll <incentivedesign@gmail.com>
    17	Adam Piątyszek <ediap@users.sourceforge.net>
    17	Antonio Borneo <borneo.antonio@gmail.com>
    13	Mike Miller <mtmiller@ieee.org>
    11	Nick Andrew <nick@nick-andrew.net>
    10	Joachim Kuebart <joachim.kuebart@gmail.com>
     7	Corey Wright <cwright@digitalocean.com>
     6	Erik Mouw <mouw@nl.linux.org>
     4	Fengguang Wu <fengguang.wu@intel.com>
     4	Mike Gilbert <floppym@gentoo.org>
     4	Nikolay Martynov <mar.kolya@gmail.com>
     4	Stuart Henderson <stu@spacehopper.org>
     3	Daiki Ueno <ueno@gnu.org>
     3	Dirk Hohndel <dirk.hohndel@intel.com>
     3	Jason Cooper <cyanogen@lakedaemon.net>
     3	Lukáš Karas <lukas.karas@centrum.cz>
     3	Tim De Baets <10608063-tdebaets@users.noreply.gitlab.com>
     3	Ľubomír Carik <Lubomir.Carik@gmail.com>
     2	Björn Ketelaars <bjorn.ketelaars@hydroxide.nl>
     2	David Dindorp <david.ocon@dindorp.dk>
     2	David Overton <therealdave32@gmail.com>
     2	Elias Norberg <elias@aisle.se>
     2	Jay Soffian <jaysoffian@gmail.com>
     2	Jeremy Visser <jeremy@visser.name>
     2	Joerg Mayer <jmayer@loplof.de>
     2	John Morrissey <jwm@horde.net>
     2	Jon DeVree <nuxi@vault24.org>
     2	Kazuyoshi Aizawa <admin2@whiteboard.ne.jp>
     2	Marcel Holtmann <marcel@holtmann.org>
     2	Piotr Kubaj <pkubaj@anongoth.pl>
     2	Rahul Rameshbabu <sergeantsagara@protonmail.com>
     2	Ralph Schmieder <ralph.schmieder@gmail.com>
     2	Ray Kohler <ataraxia937@gmail.com>
     2	Rosen Penev <rosenp@gmail.com>
     1	Alan Jowett <alanjo@microsoft.com>
     1	Alex Samorukov <samm@os2.kiev.ua>
     1	Ambroise Rosset <ambroise.rosset@unil.ch>
     1	Andreas Gnau <rondom@rondom.de>
     1	André Draszik <git@andred.net>
     1	Andy Teijelo <ateijelo@gmail.com>
     1	Antonino Orlando <orlando.antonino@gmail.com>
     1	Ash Holland <ash@sorrel.sh>
     1	Cameron Eagans <me@cweagans.net>
     1	Chad Catlett <chad@catlett.info>
     1	Chaskiel Grundman <cg2v@andrew.cmu.edu>
     1	Colin Petrie <colin@spakka.net>
     1	David GEIGER <geiger.david68210@gmail.com>
     1	Dominic Hargreaves <dom@earth.li>
     1	Dominique Leuenberger <dimstar@opensuse.org>
     1	Eric Barkie <eric@barkie.net>
     1	Fabian Jäger <fabian.jaeger@chungwasoft.com>
     1	François Grenier <francois@pacof.net>
     1	Hossein Khojany <hosseinkhojany1380@gmail.com>
     1	Ilia Kats <ilia-kats@gmx.net>
     1	Ivan Afonichev <iafonichev@griddynamics.com>
     1	James Laird-Wah <james@laird-wah.net>
     1	Jan-Michael Brummer <jan.brummer@tabos.org>
     1	Janne Juntunen <janne.juntunen@hermanit.fi>
     1	Jason Wessel <jason.wessel@windriver.com>
     1	Jethro Beekman <github@jbeekman.nl>
     1	Jiří Klimeš <jklimes@redhat.com>
     1	Joe Hu <i@sapika.ch>
     1	John Spencer <maillist-openconnect@barfooze.de>
     1	Jordy Zomer <jordy@simplyhacker.com>
     1	Julien Barbot <julien@barbot.org>
     1	Justin Kendrick <justin@kendrick.tech>
     1	Jørgen Wahlberg <jorgen@wahlberg.no>
     1	Katelyn Schiesser <katelyn.schiesser@gmail.com>
     1	Keith Moyer <openconnect-devel@keithmoyer.com>
     1	Kevin Yue <yuezk001@gmail.com>
     1	Kyle Johnson <kyle@powerworld.com>
     1	Manuel Rüger <manuel@rueg.eu>
     1	Manuel de Prada <manu19thebest@gmail.com>
     1	Marc St-Amand <pedalling.philosopher@gmail.com>
     1	Mathias Schuepany <mathias.schuepany@catalysts.cc>
     1	Maxim Storchak <m.storchak@gmail.com>
     1	Michael Zhilin <zhilin@netcracker.com>
     1	Murilo Opsfelder Araujo <muriloo@linux.vnet.ibm.com>
     1	Nick Parrin <spam@coreworks.be>
     1	Nikolay Panin <nick_panin@mail.ru>
     1	Omar Sandoval <osandov@osandov.com>
     1	Patrick Lühne <patrick@luehne.de>
     1	Paul Brook <paul@codesourcery.com>
     1	Paul Donohue <git@PaulSD.com>
     1	Pouya D. Tafti <p@san-serriffe.org>
     1	Ramin Farajpour Cami <ramin.blackhat@gmail.com>
     1	Randy Moss <kasaxet794@homedepinst.com>
     1	Roberto Leinardi <leinardi@gmail.com>
     1	Ross Burton <ross@openedhand.com>
     1	Sabin Rapan <sabin.rapan@gmail.com>
     1	Sergei Trofimovich <slyfox@gentoo.org>
     1	Stefan Becker <chemobejk@gmail.com>
     1	Steven Allen <steven@stebalien.com>
     1	Steven Ihde <steve@x2.hamachi.us>
     1	Steven Luo <steven@steven676.net>
     1	Steven Walter <stevenrwalter@gmail.com>
     1	Svante Signell <svante.signell@telia.com>
     1	Thomas Schwinge <thomas@codesourcery.com>
     1	Thomas Uhle <thomas.uhle@mailbox.tu-dresden.de>
     1	Thomas Wood <thomas.wood@intel.com>
     1	Thorsten Bonhagen <Thorsten.Bonhagen@tbon.de>
     1	Tiago Vignatti <tiago.vignatti@intel.com>
     1	Timothee 'TTimo' Besset <ttimo@ttimo.net>
     1	Yoshimasa Niwa <niw@niw.at>
     1	Youfu Zhang <zhangyoufu@gmail.com>
